sample_id,highway,lat,lng,class_id,distress_type,confidence,u_min,v_min,width,height,weather
RDD-IND-00001,NH-44 KM 108.4,28.7041,77.1025,1,D00_Longitudinal,0.943,0.216,0.753,0.094,0.112,Monsoon Rain
RDD-IND-00002,NH-48 KM 214.2,28.7053,77.1034,4,D40_Pothole,0.994,0.286,0.513,0.192,0.206,Sunny Daylight
RDD-IND-00003,NH-66 KM 45.1,28.7065,77.1043,3,D20_Alligator,0.974,0.65,0.681,0.169,0.151,Night Sodium
RDD-IND-00004,Mumbai-Pune Exp KM 88.0,28.7077,77.1052,3,D20_Alligator,0.963,0.316,0.695,0.117,0.122,Overcast
RDD-IND-00005,NH-44 KM 108.4,28.7089,77.1061,0,Normal,0.924,0.253,0.315,0.221,0.144,Monsoon Rain
RDD-IND-00006,NH-48 KM 214.2,28.7101,77.107,0,Normal,0.924,0.142,0.542,0.28,0.089,Sunny Daylight
RDD-IND-00007,NH-66 KM 45.1,28.7113,77.1079,0,Normal,0.915,0.343,0.32,0.154,0.13,Night Sodium
RDD-IND-00008,Mumbai-Pune Exp KM 88.0,28.7125,77.1088,4,D40_Pothole,0.986,0.135,0.385,0.284,0.188,Overcast
RDD-IND-00009,NH-44 KM 108.4,28.7137,77.1097,3,D20_Alligator,0.963,0.429,0.773,0.082,0.077,Monsoon Rain
RDD-IND-00010,NH-48 KM 214.2,28.7149,77.1106,3,D20_Alligator,0.972,0.142,0.751,0.124,0.117,Sunny Daylight
RDD-IND-00011,NH-66 KM 45.1,28.7161,77.1115,0,Normal,0.912,0.451,0.42,0.279,0.195,Night Sodium
RDD-IND-00012,Mumbai-Pune Exp KM 88.0,28.7173,77.1124,4,D40_Pothole,0.995,0.45,0.653,0.299,0.172,Overcast
RDD-IND-00013,NH-44 KM 108.4,28.7185,77.1133,4,D40_Pothole,0.983,0.676,0.472,0.342,0.167,Monsoon Rain
RDD-IND-00014,NH-48 KM 214.2,28.7197,77.1142,1,D00_Longitudinal,0.929,0.19,0.776,0.132,0.222,Sunny Daylight
RDD-IND-00015,NH-66 KM 45.1,28.7209,77.1151,0,Normal,0.926,0.389,0.399,0.118,0.075,Night Sodium
RDD-IND-00016,Mumbai-Pune Exp KM 88.0,28.7221,77.116,0,Normal,0.926,0.52,0.758,0.104,0.222,Overcast
RDD-IND-00017,NH-44 KM 108.4,28.7233,77.1169,1,D00_Longitudinal,0.937,0.412,0.572,0.17,0.085,Monsoon Rain
RDD-IND-00018,NH-48 KM 214.2,28.7245,77.1178,2,D10_Lateral,0.956,0.35,0.714,0.206,0.109,Sunny Daylight
RDD-IND-00019,NH-66 KM 45.1,28.7257,77.1187,2,D10_Lateral,0.948,0.1,0.766,0.229,0.174,Night Sodium
RDD-IND-00020,Mumbai-Pune Exp KM 88.0,28.7269,77.1196,1,D00_Longitudinal,0.936,0.393,0.414,0.286,0.103,Overcast
RDD-IND-00021,NH-44 KM 108.4,28.7281,77.1205,3,D20_Alligator,0.964,0.373,0.615,0.273,0.242,Monsoon Rain
RDD-IND-00022,NH-48 KM 214.2,28.7293,77.1214,0,Normal,0.922,0.576,0.388,0.301,0.105,Sunny Daylight
RDD-IND-00023,NH-66 KM 45.1,28.7305,77.1223,1,D00_Longitudinal,0.936,0.179,0.794,0.17,0.167,Night Sodium
RDD-IND-00024,Mumbai-Pune Exp KM 88.0,28.7317,77.1232,1,D00_Longitudinal,0.942,0.437,0.681,0.314,0.171,Overcast
RDD-IND-00025,NH-44 KM 108.4,28.7329,77.1241,2,D10_Lateral,0.95,0.47,0.445,0.294,0.171,Monsoon Rain
RDD-IND-00026,NH-48 KM 214.2,28.7341,77.125,4,D40_Pothole,0.979,0.614,0.677,0.173,0.137,Sunny Daylight
RDD-IND-00027,NH-66 KM 45.1,28.7353,77.1259,0,Normal,0.928,0.246,0.759,0.208,0.132,Night Sodium
RDD-IND-00028,Mumbai-Pune Exp KM 88.0,28.7365,77.1268,2,D10_Lateral,0.955,0.48,0.411,0.192,0.119,Overcast
RDD-IND-00029,NH-44 KM 108.4,28.7377,77.1277,3,D20_Alligator,0.962,0.163,0.698,0.148,0.062,Monsoon Rain
RDD-IND-00030,NH-48 KM 214.2,28.7389,77.1286,0,Normal,0.914,0.478,0.334,0.119,0.159,Sunny Daylight
RDD-IND-00031,NH-66 KM 45.1,28.7401,77.1295,3,D20_Alligator,0.963,0.575,0.768,0.248,0.23,Night Sodium
RDD-IND-00032,Mumbai-Pune Exp KM 88.0,28.7413,77.1304,0,Normal,0.925,0.346,0.552,0.341,0.182,Overcast
RDD-IND-00033,NH-44 KM 108.4,28.7425,77.1313,0,Normal,0.916,0.614,0.353,0.231,0.212,Monsoon Rain
RDD-IND-00034,NH-48 KM 214.2,28.7437,77.1322,4,D40_Pothole,0.994,0.621,0.509,0.168,0.169,Sunny Daylight
RDD-IND-00035,NH-66 KM 45.1,28.7449,77.1331,4,D40_Pothole,0.995,0.37,0.638,0.13,0.13,Night Sodium
RDD-IND-00036,Mumbai-Pune Exp KM 88.0,28.7461,77.134,4,D40_Pothole,0.981,0.672,0.381,0.281,0.114,Overcast
RDD-IND-00037,NH-44 KM 108.4,28.7473,77.1349,1,D00_Longitudinal,0.937,0.387,0.628,0.302,0.125,Monsoon Rain
RDD-IND-00038,NH-48 KM 214.2,28.7485,77.1358,0,Normal,0.919,0.121,0.714,0.289,0.184,Sunny Daylight
RDD-IND-00039,NH-66 KM 45.1,28.7497,77.1367,3,D20_Alligator,0.97,0.246,0.35,0.301,0.067,Night Sodium
RDD-IND-00040,Mumbai-Pune Exp KM 88.0,28.7509,77.1376,2,D10_Lateral,0.949,0.338,0.366,0.114,0.114,Overcast
RDD-IND-00041,NH-44 KM 108.4,28.7521,77.1385,0,Normal,0.921,0.31,0.758,0.186,0.214,Monsoon Rain
RDD-IND-00042,NH-48 KM 214.2,28.7533,77.1394,2,D10_Lateral,0.954,0.151,0.574,0.221,0.195,Sunny Daylight
RDD-IND-00043,NH-66 KM 45.1,28.7545,77.1403,0,Normal,0.913,0.669,0.65,0.155,0.238,Night Sodium
RDD-IND-00044,Mumbai-Pune Exp KM 88.0,28.7557,77.1412,4,D40_Pothole,0.99,0.347,0.668,0.229,0.233,Overcast
RDD-IND-00045,NH-44 KM 108.4,28.7569,77.1421,1,D00_Longitudinal,0.933,0.66,0.598,0.21,0.078,Monsoon Rain
RDD-IND-00046,NH-48 KM 214.2,28.7581,77.143,3,D20_Alligator,0.968,0.49,0.738,0.184,0.204,Sunny Daylight
RDD-IND-00047,NH-66 KM 45.1,28.7593,77.1439,1,D00_Longitudinal,0.937,0.679,0.449,0.147,0.192,Night Sodium
RDD-IND-00048,Mumbai-Pune Exp KM 88.0,28.7605,77.1448,2,D10_Lateral,0.956,0.323,0.791,0.108,0.162,Overcast
RDD-IND-00049,NH-44 KM 108.4,28.7617,77.1457,2,D10_Lateral,0.958,0.422,0.407,0.327,0.088,Monsoon Rain
RDD-IND-00050,NH-48 KM 214.2,28.7629,77.1466,0,Normal,0.926,0.644,0.728,0.219,0.098,Sunny Daylight
RDD-IND-00051,NH-66 KM 45.1,28.7641,77.1475,4,D40_Pothole,0.995,0.571,0.541,0.184,0.155,Night Sodium
RDD-IND-00052,Mumbai-Pune Exp KM 88.0,28.7653,77.1484,4,D40_Pothole,0.978,0.297,0.536,0.155,0.051,Overcast
RDD-IND-00053,NH-44 KM 108.4,28.7665,77.1493,4,D40_Pothole,0.993,0.349,0.595,0.095,0.247,Monsoon Rain
RDD-IND-00054,NH-48 KM 214.2,28.7677,77.1502,4,D40_Pothole,0.989,0.168,0.608,0.141,0.186,Sunny Daylight
RDD-IND-00055,NH-66 KM 45.1,28.7689,77.1511,3,D20_Alligator,0.963,0.154,0.504,0.326,0.206,Night Sodium
RDD-IND-00056,Mumbai-Pune Exp KM 88.0,28.7701,77.152,4,D40_Pothole,0.991,0.399,0.782,0.216,0.105,Overcast
RDD-IND-00057,NH-44 KM 108.4,28.7713,77.1529,0,Normal,0.918,0.517,0.427,0.086,0.24,Monsoon Rain
RDD-IND-00058,NH-48 KM 214.2,28.7725,77.1538,0,Normal,0.927,0.624,0.573,0.232,0.051,Sunny Daylight
RDD-IND-00059,NH-66 KM 45.1,28.7737,77.1547,0,Normal,0.914,0.129,0.593,0.093,0.195,Night Sodium
RDD-IND-00060,Mumbai-Pune Exp KM 88.0,28.7749,77.1556,1,D00_Longitudinal,0.939,0.613,0.584,0.104,0.221,Overcast
RDD-IND-00061,NH-44 KM 108.4,28.7761,77.1565,1,D00_Longitudinal,0.944,0.59,0.792,0.336,0.191,Monsoon Rain
RDD-IND-00062,NH-48 KM 214.2,28.7773,77.1574,1,D00_Longitudinal,0.934,0.303,0.382,0.108,0.05,Sunny Daylight
RDD-IND-00063,NH-66 KM 45.1,28.7785,77.1583,4,D40_Pothole,0.983,0.167,0.668,0.183,0.067,Night Sodium
RDD-IND-00064,Mumbai-Pune Exp KM 88.0,28.7797,77.1592,1,D00_Longitudinal,0.941,0.557,0.538,0.124,0.059,Overcast
RDD-IND-00065,NH-44 KM 108.4,28.7809,77.1601,1,D00_Longitudinal,0.935,0.294,0.591,0.253,0.182,Monsoon Rain
RDD-IND-00066,NH-48 KM 214.2,28.7821,77.161,2,D10_Lateral,0.958,0.161,0.339,0.087,0.061,Sunny Daylight
RDD-IND-00067,NH-66 KM 45.1,28.7833,77.1619,0,Normal,0.922,0.663,0.626,0.123,0.166,Night Sodium
RDD-IND-00068,Mumbai-Pune Exp KM 88.0,28.7845,77.1628,4,D40_Pothole,0.981,0.499,0.42,0.241,0.157,Overcast
RDD-IND-00069,NH-44 KM 108.4,28.7857,77.1637,0,Normal,0.917,0.66,0.74,0.134,0.12,Monsoon Rain
RDD-IND-00070,NH-48 KM 214.2,28.7869,77.1646,4,D40_Pothole,0.997,0.332,0.612,0.088,0.137,Sunny Daylight
RDD-IND-00071,NH-66 KM 45.1,28.7881,77.1655,4,D40_Pothole,0.978,0.222,0.752,0.284,0.186,Night Sodium
RDD-IND-00072,Mumbai-Pune Exp KM 88.0,28.7893,77.1664,0,Normal,0.927,0.344,0.76,0.102,0.205,Overcast
RDD-IND-00073,NH-44 KM 108.4,28.7905,77.1673,0,Normal,0.91,0.12,0.408,0.1,0.128,Monsoon Rain
RDD-IND-00074,NH-48 KM 214.2,28.7917,77.1682,4,D40_Pothole,0.982,0.687,0.403,0.236,0.051,Sunny Daylight
RDD-IND-00075,NH-66 KM 45.1,28.7929,77.1691,3,D20_Alligator,0.972,0.686,0.459,0.224,0.054,Night Sodium
RDD-IND-00076,Mumbai-Pune Exp KM 88.0,28.7941,77.17,3,D20_Alligator,0.974,0.275,0.423,0.168,0.195,Overcast
RDD-IND-00077,NH-44 KM 108.4,28.7953,77.1709,4,D40_Pothole,0.978,0.6,0.65,0.104,0.202,Monsoon Rain
RDD-IND-00078,NH-48 KM 214.2,28.7965,77.1718,0,Normal,0.917,0.482,0.769,0.292,0.105,Sunny Daylight
RDD-IND-00079,NH-66 KM 45.1,28.7977,77.1727,1,D00_Longitudinal,0.942,0.228,0.714,0.324,0.129,Night Sodium
RDD-IND-00080,Mumbai-Pune Exp KM 88.0,28.7989,77.1736,0,Normal,0.92,0.448,0.66,0.169,0.171,Overcast
RDD-IND-00081,NH-44 KM 108.4,28.8001,77.1745,4,D40_Pothole,0.986,0.267,0.438,0.305,0.08,Monsoon Rain
RDD-IND-00082,NH-48 KM 214.2,28.8013,77.1754,3,D20_Alligator,0.965,0.245,0.641,0.133,0.178,Sunny Daylight
RDD-IND-00083,NH-66 KM 45.1,28.8025,77.1763,1,D00_Longitudinal,0.939,0.137,0.527,0.158,0.105,Night Sodium
RDD-IND-00084,Mumbai-Pune Exp KM 88.0,28.8037,77.1772,0,Normal,0.916,0.624,0.343,0.088,0.171,Overcast
RDD-IND-00085,NH-44 KM 108.4,28.8049,77.1781,1,D00_Longitudinal,0.937,0.435,0.549,0.243,0.056,Monsoon Rain
RDD-IND-00086,NH-48 KM 214.2,28.8061,77.179,1,D00_Longitudinal,0.939,0.517,0.759,0.292,0.094,Sunny Daylight
RDD-IND-00087,NH-66 KM 45.1,28.8073,77.1799,3,D20_Alligator,0.974,0.578,0.408,0.324,0.208,Night Sodium
RDD-IND-00088,Mumbai-Pune Exp KM 88.0,28.8085,77.1808,3,D20_Alligator,0.966,0.339,0.446,0.272,0.18,Overcast
RDD-IND-00089,NH-44 KM 108.4,28.8097,77.1817,4,D40_Pothole,0.988,0.378,0.678,0.238,0.061,Monsoon Rain
RDD-IND-00090,NH-48 KM 214.2,28.8109,77.1826,2,D10_Lateral,0.952,0.209,0.583,0.088,0.112,Sunny Daylight
RDD-IND-00091,NH-66 KM 45.1,28.8121,77.1835,0,Normal,0.921,0.333,0.62,0.316,0.182,Night Sodium
RDD-IND-00092,Mumbai-Pune Exp KM 88.0,28.8133,77.1844,3,D20_Alligator,0.973,0.19,0.672,0.24,0.066,Overcast
RDD-IND-00093,NH-44 KM 108.4,28.8145,77.1853,4,D40_Pothole,0.977,0.513,0.678,0.136,0.174,Monsoon Rain
RDD-IND-00094,NH-48 KM 214.2,28.8157,77.1862,3,D20_Alligator,0.959,0.598,0.426,0.218,0.188,Sunny Daylight
RDD-IND-00095,NH-66 KM 45.1,28.8169,77.1871,4,D40_Pothole,0.978,0.173,0.349,0.184,0.248,Night Sodium
RDD-IND-00096,Mumbai-Pune Exp KM 88.0,28.8181,77.188,2,D10_Lateral,0.953,0.316,0.69,0.329,0.102,Overcast
RDD-IND-00097,NH-44 KM 108.4,28.8193,77.1889,2,D10_Lateral,0.956,0.493,0.393,0.278,0.168,Monsoon Rain
RDD-IND-00098,NH-48 KM 214.2,28.8205,77.1898,2,D10_Lateral,0.948,0.25,0.373,0.177,0.13,Sunny Daylight
RDD-IND-00099,NH-66 KM 45.1,28.8217,77.1907,0,Normal,0.912,0.498,0.453,0.266,0.1,Night Sodium
RDD-IND-00100,Mumbai-Pune Exp KM 88.0,28.8229,77.1916,0,Normal,0.919,0.561,0.55,0.302,0.133,Overcast
RDD-IND-00101,NH-44 KM 108.4,28.8241,77.1925,0,Normal,0.913,0.67,0.462,0.193,0.194,Monsoon Rain
RDD-IND-00102,NH-48 KM 214.2,28.8253,77.1934,3,D20_Alligator,0.966,0.177,0.547,0.146,0.066,Sunny Daylight
RDD-IND-00103,NH-66 KM 45.1,28.8265,77.1943,1,D00_Longitudinal,0.938,0.389,0.796,0.189,0.071,Night Sodium
RDD-IND-00104,Mumbai-Pune Exp KM 88.0,28.8277,77.1952,2,D10_Lateral,0.955,0.651,0.573,0.166,0.115,Overcast
RDD-IND-00105,NH-44 KM 108.4,28.8289,77.1961,4,D40_Pothole,0.99,0.56,0.784,0.331,0.146,Monsoon Rain
RDD-IND-00106,NH-48 KM 214.2,28.8301,77.197,1,D00_Longitudinal,0.932,0.143,0.78,0.193,0.113,Sunny Daylight
RDD-IND-00107,NH-66 KM 45.1,28.8313,77.1979,2,D10_Lateral,0.946,0.198,0.663,0.2,0.201,Night Sodium
RDD-IND-00108,Mumbai-Pune Exp KM 88.0,28.8325,77.1988,4,D40_Pothole,0.976,0.644,0.756,0.291,0.092,Overcast
RDD-IND-00109,NH-44 KM 108.4,28.8337,77.1997,1,D00_Longitudinal,0.93,0.294,0.549,0.222,0.129,Monsoon Rain
RDD-IND-00110,NH-48 KM 214.2,28.8349,77.2006,0,Normal,0.917,0.511,0.611,0.252,0.197,Sunny Daylight
RDD-IND-00111,NH-66 KM 45.1,28.8361,77.2015,1,D00_Longitudinal,0.935,0.305,0.654,0.305,0.093,Night Sodium
RDD-IND-00112,Mumbai-Pune Exp KM 88.0,28.8373,77.2024,0,Normal,0.924,0.356,0.473,0.183,0.197,Overcast
RDD-IND-00113,NH-44 KM 108.4,28.8385,77.2033,4,D40_Pothole,0.992,0.554,0.453,0.109,0.217,Monsoon Rain
RDD-IND-00114,NH-48 KM 214.2,28.8397,77.2042,4,D40_Pothole,0.981,0.471,0.717,0.216,0.247,Sunny Daylight
RDD-IND-00115,NH-66 KM 45.1,28.8409,77.2051,3,D20_Alligator,0.966,0.287,0.686,0.317,0.233,Night Sodium
RDD-IND-00116,Mumbai-Pune Exp KM 88.0,28.8421,77.206,4,D40_Pothole,0.987,0.457,0.607,0.275,0.186,Overcast
RDD-IND-00117,NH-44 KM 108.4,28.8433,77.2069,4,D40_Pothole,0.981,0.292,0.712,0.175,0.195,Monsoon Rain
RDD-IND-00118,NH-48 KM 214.2,28.8445,77.2078,0,Normal,0.926,0.211,0.771,0.205,0.133,Sunny Daylight
RDD-IND-00119,NH-66 KM 45.1,28.8457,77.2087,4,D40_Pothole,0.989,0.612,0.526,0.35,0.05,Night Sodium
RDD-IND-00120,Mumbai-Pune Exp KM 88.0,28.8469,77.2096,2,D10_Lateral,0.957,0.617,0.409,0.108,0.174,Overcast
RDD-IND-00121,NH-44 KM 108.4,28.8481,77.2105,4,D40_Pothole,0.981,0.503,0.345,0.135,0.09,Monsoon Rain
RDD-IND-00122,NH-48 KM 214.2,28.8493,77.2114,4,D40_Pothole,0.989,0.534,0.441,0.172,0.187,Sunny Daylight
RDD-IND-00123,NH-66 KM 45.1,28.8505,77.2123,1,D00_Longitudinal,0.938,0.31,0.702,0.255,0.207,Night Sodium
RDD-IND-00124,Mumbai-Pune Exp KM 88.0,28.8517,77.2132,0,Normal,0.92,0.696,0.658,0.228,0.157,Overcast
RDD-IND-00125,NH-44 KM 108.4,28.8529,77.2141,1,D00_Longitudinal,0.93,0.379,0.597,0.333,0.143,Monsoon Rain
RDD-IND-00126,NH-48 KM 214.2,28.8541,77.215,2,D10_Lateral,0.948,0.283,0.524,0.208,0.217,Sunny Daylight
RDD-IND-00127,NH-66 KM 45.1,28.8553,77.2159,4,D40_Pothole,0.982,0.521,0.394,0.257,0.226,Night Sodium
RDD-IND-00128,Mumbai-Pune Exp KM 88.0,28.8565,77.2168,4,D40_Pothole,0.986,0.407,0.589,0.146,0.235,Overcast
RDD-IND-00129,NH-44 KM 108.4,28.8577,77.2177,0,Normal,0.911,0.282,0.673,0.173,0.231,Monsoon Rain
RDD-IND-00130,NH-48 KM 214.2,28.8589,77.2186,2,D10_Lateral,0.955,0.651,0.463,0.167,0.163,Sunny Daylight
RDD-IND-00131,NH-66 KM 45.1,28.8601,77.2195,2,D10_Lateral,0.947,0.619,0.37,0.095,0.13,Night Sodium
RDD-IND-00132,Mumbai-Pune Exp KM 88.0,28.8613,77.2204,1,D00_Longitudinal,0.93,0.609,0.701,0.107,0.179,Overcast
RDD-IND-00133,NH-44 KM 108.4,28.8625,77.2213,0,Normal,0.921,0.65,0.629,0.091,0.053,Monsoon Rain
RDD-IND-00134,NH-48 KM 214.2,28.8637,77.2222,1,D00_Longitudinal,0.94,0.543,0.341,0.219,0.174,Sunny Daylight
RDD-IND-00135,NH-66 KM 45.1,28.8649,77.2231,4,D40_Pothole,0.993,0.469,0.565,0.347,0.208,Night Sodium
RDD-IND-00136,Mumbai-Pune Exp KM 88.0,28.8661,77.224,1,D00_Longitudinal,0.938,0.7,0.363,0.294,0.25,Overcast
RDD-IND-00137,NH-44 KM 108.4,28.8673,77.2249,2,D10_Lateral,0.956,0.633,0.776,0.332,0.12,Monsoon Rain
RDD-IND-00138,NH-48 KM 214.2,28.8685,77.2258,3,D20_Alligator,0.972,0.167,0.416,0.349,0.051,Sunny Daylight
RDD-IND-00139,NH-66 KM 45.1,28.8697,77.2267,1,D00_Longitudinal,0.942,0.429,0.709,0.3,0.067,Night Sodium
RDD-IND-00140,Mumbai-Pune Exp KM 88.0,28.8709,77.2276,4,D40_Pothole,0.996,0.116,0.483,0.092,0.23,Overcast
RDD-IND-00141,NH-44 KM 108.4,28.8721,77.2285,4,D40_Pothole,0.995,0.211,0.638,0.101,0.135,Monsoon Rain
RDD-IND-00142,NH-48 KM 214.2,28.8733,77.2294,1,D00_Longitudinal,0.932,0.443,0.377,0.31,0.116,Sunny Daylight
RDD-IND-00143,NH-66 KM 45.1,28.8745,77.2303,2,D10_Lateral,0.954,0.229,0.586,0.266,0.127,Night Sodium
RDD-IND-00144,Mumbai-Pune Exp KM 88.0,28.8757,77.2312,1,D00_Longitudinal,0.936,0.637,0.547,0.109,0.124,Overcast
RDD-IND-00145,NH-44 KM 108.4,28.8769,77.2321,1,D00_Longitudinal,0.935,0.194,0.581,0.145,0.06,Monsoon Rain
RDD-IND-00146,NH-48 KM 214.2,28.8781,77.233,0,Normal,0.913,0.601,0.686,0.213,0.173,Sunny Daylight
RDD-IND-00147,NH-66 KM 45.1,28.8793,77.2339,3,D20_Alligator,0.964,0.52,0.402,0.334,0.055,Night Sodium
RDD-IND-00148,Mumbai-Pune Exp KM 88.0,28.8805,77.2348,2,D10_Lateral,0.954,0.169,0.538,0.176,0.245,Overcast
RDD-IND-00149,NH-44 KM 108.4,28.8817,77.2357,0,Normal,0.915,0.542,0.725,0.107,0.101,Monsoon Rain
RDD-IND-00150,NH-48 KM 214.2,28.8829,77.2366,1,D00_Longitudinal,0.935,0.147,0.36,0.257,0.147,Sunny Daylight
RDD-IND-00151,NH-66 KM 45.1,28.8841,77.2375,4,D40_Pothole,0.99,0.133,0.397,0.322,0.19,Night Sodium
RDD-IND-00152,Mumbai-Pune Exp KM 88.0,28.8853,77.2384,1,D00_Longitudinal,0.931,0.155,0.597,0.328,0.24,Overcast
RDD-IND-00153,NH-44 KM 108.4,28.8865,77.2393,0,Normal,0.923,0.361,0.724,0.109,0.163,Monsoon Rain
RDD-IND-00154,NH-48 KM 214.2,28.8877,77.2402,2,D10_Lateral,0.953,0.277,0.617,0.274,0.165,Sunny Daylight
RDD-IND-00155,NH-66 KM 45.1,28.8889,77.2411,4,D40_Pothole,0.997,0.106,0.656,0.211,0.19,Night Sodium
RDD-IND-00156,Mumbai-Pune Exp KM 88.0,28.8901,77.242,1,D00_Longitudinal,0.931,0.286,0.62,0.262,0.217,Overcast
RDD-IND-00157,NH-44 KM 108.4,28.8913,77.2429,3,D20_Alligator,0.969,0.385,0.444,0.271,0.155,Monsoon Rain
RDD-IND-00158,NH-48 KM 214.2,28.8925,77.2438,4,D40_Pothole,0.977,0.406,0.382,0.117,0.142,Sunny Daylight
RDD-IND-00159,NH-66 KM 45.1,28.8937,77.2447,1,D00_Longitudinal,0.931,0.129,0.789,0.12,0.216,Night Sodium
RDD-IND-00160,Mumbai-Pune Exp KM 88.0,28.8949,77.2456,3,D20_Alligator,0.974,0.165,0.797,0.123,0.169,Overcast
RDD-IND-00161,NH-44 KM 108.4,28.8961,77.2465,1,D00_Longitudinal,0.942,0.204,0.627,0.132,0.133,Monsoon Rain
RDD-IND-00162,NH-48 KM 214.2,28.8973,77.2474,3,D20_Alligator,0.966,0.137,0.614,0.285,0.144,Sunny Daylight
RDD-IND-00163,NH-66 KM 45.1,28.8985,77.2483,3,D20_Alligator,0.966,0.542,0.63,0.29,0.065,Night Sodium
RDD-IND-00164,Mumbai-Pune Exp KM 88.0,28.8997,77.2492,2,D10_Lateral,0.957,0.403,0.735,0.341,0.177,Overcast
RDD-IND-00165,NH-44 KM 108.4,28.9009,77.2501,0,Normal,0.918,0.265,0.629,0.225,0.117,Monsoon Rain
RDD-IND-00166,NH-48 KM 214.2,28.9021,77.251,4,D40_Pothole,0.984,0.424,0.686,0.121,0.206,Sunny Daylight
RDD-IND-00167,NH-66 KM 45.1,28.9033,77.2519,1,D00_Longitudinal,0.938,0.275,0.575,0.185,0.063,Night Sodium
RDD-IND-00168,Mumbai-Pune Exp KM 88.0,28.9045,77.2528,0,Normal,0.926,0.639,0.762,0.094,0.051,Overcast
RDD-IND-00169,NH-44 KM 108.4,28.9057,77.2537,0,Normal,0.914,0.165,0.48,0.295,0.133,Monsoon Rain
RDD-IND-00170,NH-48 KM 214.2,28.9069,77.2546,3,D20_Alligator,0.962,0.491,0.463,0.237,0.135,Sunny Daylight
RDD-IND-00171,NH-66 KM 45.1,28.9081,77.2555,3,D20_Alligator,0.97,0.142,0.407,0.25,0.056,Night Sodium
RDD-IND-00172,Mumbai-Pune Exp KM 88.0,28.9093,77.2564,0,Normal,0.911,0.495,0.675,0.26,0.199,Overcast
RDD-IND-00173,NH-44 KM 108.4,28.9105,77.2573,2,D10_Lateral,0.955,0.566,0.719,0.118,0.113,Monsoon Rain
RDD-IND-00174,NH-48 KM 214.2,28.9117,77.2582,1,D00_Longitudinal,0.93,0.538,0.333,0.292,0.136,Sunny Daylight
RDD-IND-00175,NH-66 KM 45.1,28.9129,77.2591,3,D20_Alligator,0.967,0.329,0.59,0.278,0.171,Night Sodium
RDD-IND-00176,Mumbai-Pune Exp KM 88.0,28.9141,77.26,0,Normal,0.925,0.594,0.507,0.156,0.142,Overcast
RDD-IND-00177,NH-44 KM 108.4,28.9153,77.2609,3,D20_Alligator,0.971,0.261,0.533,0.317,0.054,Monsoon Rain
RDD-IND-00178,NH-48 KM 214.2,28.9165,77.2618,1,D00_Longitudinal,0.944,0.263,0.536,0.283,0.188,Sunny Daylight
RDD-IND-00179,NH-66 KM 45.1,28.9177,77.2627,4,D40_Pothole,0.992,0.279,0.428,0.295,0.194,Night Sodium
RDD-IND-00180,Mumbai-Pune Exp KM 88.0,28.9189,77.2636,0,Normal,0.922,0.412,0.389,0.199,0.221,Overcast
RDD-IND-00181,NH-44 KM 108.4,28.9201,77.2645,1,D00_Longitudinal,0.94,0.338,0.528,0.191,0.097,Monsoon Rain
RDD-IND-00182,NH-48 KM 214.2,28.9213,77.2654,0,Normal,0.92,0.677,0.603,0.304,0.153,Sunny Daylight
RDD-IND-00183,NH-66 KM 45.1,28.9225,77.2663,4,D40_Pothole,0.991,0.133,0.449,0.115,0.233,Night Sodium
RDD-IND-00184,Mumbai-Pune Exp KM 88.0,28.9237,77.2672,4,D40_Pothole,0.987,0.237,0.418,0.287,0.054,Overcast
RDD-IND-00185,NH-44 KM 108.4,28.9249,77.2681,1,D00_Longitudinal,0.933,0.596,0.658,0.327,0.065,Monsoon Rain
RDD-IND-00186,NH-48 KM 214.2,28.9261,77.269,3,D20_Alligator,0.968,0.662,0.541,0.197,0.163,Sunny Daylight
RDD-IND-00187,NH-66 KM 45.1,28.9273,77.2699,4,D40_Pothole,0.982,0.136,0.478,0.134,0.122,Night Sodium
RDD-IND-00188,Mumbai-Pune Exp KM 88.0,28.9285,77.2708,3,D20_Alligator,0.959,0.366,0.342,0.128,0.169,Overcast
RDD-IND-00189,NH-44 KM 108.4,28.9297,77.2717,2,D10_Lateral,0.957,0.346,0.715,0.134,0.194,Monsoon Rain
RDD-IND-00190,NH-48 KM 214.2,28.9309,77.2726,1,D00_Longitudinal,0.931,0.436,0.496,0.126,0.065,Sunny Daylight
RDD-IND-00191,NH-66 KM 45.1,28.9321,77.2735,0,Normal,0.918,0.609,0.582,0.236,0.137,Night Sodium
RDD-IND-00192,Mumbai-Pune Exp KM 88.0,28.9333,77.2744,4,D40_Pothole,0.989,0.207,0.432,0.113,0.103,Overcast
RDD-IND-00193,NH-44 KM 108.4,28.9345,77.2753,4,D40_Pothole,0.989,0.218,0.673,0.256,0.234,Monsoon Rain
RDD-IND-00194,NH-48 KM 214.2,28.9357,77.2762,3,D20_Alligator,0.966,0.683,0.394,0.304,0.089,Sunny Daylight
RDD-IND-00195,NH-66 KM 45.1,28.9369,77.2771,1,D00_Longitudinal,0.94,0.49,0.719,0.277,0.156,Night Sodium
RDD-IND-00196,Mumbai-Pune Exp KM 88.0,28.9381,77.278,1,D00_Longitudinal,0.941,0.616,0.349,0.233,0.172,Overcast
RDD-IND-00197,NH-44 KM 108.4,28.9393,77.2789,3,D20_Alligator,0.974,0.294,0.359,0.162,0.184,Monsoon Rain
RDD-IND-00198,NH-48 KM 214.2,28.9405,77.2798,4,D40_Pothole,0.989,0.107,0.512,0.33,0.235,Sunny Daylight
RDD-IND-00199,NH-66 KM 45.1,28.9417,77.2807,4,D40_Pothole,0.988,0.149,0.671,0.271,0.226,Night Sodium
RDD-IND-00200,Mumbai-Pune Exp KM 88.0,28.9429,77.2816,4,D40_Pothole,0.979,0.364,0.742,0.195,0.105,Overcast
RDD-IND-00201,NH-44 KM 108.4,28.9441,77.2825,3,D20_Alligator,0.966,0.646,0.422,0.236,0.146,Monsoon Rain
RDD-IND-00202,NH-48 KM 214.2,28.9453,77.2834,0,Normal,0.917,0.128,0.692,0.203,0.125,Sunny Daylight
RDD-IND-00203,NH-66 KM 45.1,28.9465,77.2843,0,Normal,0.924,0.608,0.672,0.093,0.09,Night Sodium
RDD-IND-00204,Mumbai-Pune Exp KM 88.0,28.9477,77.2852,4,D40_Pothole,0.989,0.656,0.531,0.237,0.096,Overcast
RDD-IND-00205,NH-44 KM 108.4,28.9489,77.2861,3,D20_Alligator,0.963,0.577,0.314,0.318,0.14,Monsoon Rain
RDD-IND-00206,NH-48 KM 214.2,28.9501,77.287,0,Normal,0.911,0.376,0.622,0.217,0.177,Sunny Daylight
RDD-IND-00207,NH-66 KM 45.1,28.9513,77.2879,0,Normal,0.919,0.312,0.49,0.101,0.213,Night Sodium
RDD-IND-00208,Mumbai-Pune Exp KM 88.0,28.9525,77.2888,3,D20_Alligator,0.968,0.26,0.391,0.323,0.067,Overcast
RDD-IND-00209,NH-44 KM 108.4,28.9537,77.2897,0,Normal,0.91,0.183,0.383,0.207,0.25,Monsoon Rain
RDD-IND-00210,NH-48 KM 214.2,28.9549,77.2906,0,Normal,0.924,0.139,0.314,0.127,0.236,Sunny Daylight
RDD-IND-00211,NH-66 KM 45.1,28.9561,77.2915,2,D10_Lateral,0.958,0.241,0.556,0.272,0.172,Night Sodium
RDD-IND-00212,Mumbai-Pune Exp KM 88.0,28.9573,77.2924,3,D20_Alligator,0.971,0.241,0.639,0.221,0.071,Overcast
RDD-IND-00213,NH-44 KM 108.4,28.9585,77.2933,3,D20_Alligator,0.967,0.595,0.34,0.181,0.179,Monsoon Rain
RDD-IND-00214,NH-48 KM 214.2,28.9597,77.2942,1,D00_Longitudinal,0.93,0.462,0.766,0.126,0.153,Sunny Daylight
RDD-IND-00215,NH-66 KM 45.1,28.9609,77.2951,3,D20_Alligator,0.973,0.325,0.721,0.35,0.23,Night Sodium
RDD-IND-00216,Mumbai-Pune Exp KM 88.0,28.9621,77.296,1,D00_Longitudinal,0.931,0.329,0.314,0.133,0.091,Overcast
RDD-IND-00217,NH-44 KM 108.4,28.9633,77.2969,1,D00_Longitudinal,0.939,0.622,0.782,0.166,0.075,Monsoon Rain
RDD-IND-00218,NH-48 KM 214.2,28.9645,77.2978,3,D20_Alligator,0.976,0.692,0.334,0.102,0.233,Sunny Daylight
RDD-IND-00219,NH-66 KM 45.1,28.9657,77.2987,3,D20_Alligator,0.967,0.648,0.633,0.116,0.154,Night Sodium
RDD-IND-00220,Mumbai-Pune Exp KM 88.0,28.9669,77.2996,4,D40_Pothole,0.985,0.103,0.34,0.262,0.097,Overcast
RDD-IND-00221,NH-44 KM 108.4,28.9681,77.3005,3,D20_Alligator,0.968,0.6,0.732,0.115,0.099,Monsoon Rain
RDD-IND-00222,NH-48 KM 214.2,28.9693,77.3014,3,D20_Alligator,0.96,0.307,0.455,0.311,0.204,Sunny Daylight
RDD-IND-00223,NH-66 KM 45.1,28.9705,77.3023,0,Normal,0.918,0.679,0.699,0.109,0.084,Night Sodium
RDD-IND-00224,Mumbai-Pune Exp KM 88.0,28.9717,77.3032,1,D00_Longitudinal,0.942,0.236,0.677,0.329,0.182,Overcast
RDD-IND-00225,NH-44 KM 108.4,28.9729,77.3041,1,D00_Longitudinal,0.933,0.251,0.794,0.246,0.138,Monsoon Rain
RDD-IND-00226,NH-48 KM 214.2,28.9741,77.305,1,D00_Longitudinal,0.931,0.364,0.556,0.154,0.147,Sunny Daylight
RDD-IND-00227,NH-66 KM 45.1,28.9753,77.3059,4,D40_Pothole,0.996,0.407,0.646,0.283,0.245,Night Sodium
RDD-IND-00228,Mumbai-Pune Exp KM 88.0,28.9765,77.3068,1,D00_Longitudinal,0.945,0.191,0.771,0.137,0.159,Overcast
RDD-IND-00229,NH-44 KM 108.4,28.9777,77.3077,4,D40_Pothole,0.989,0.176,0.597,0.129,0.235,Monsoon Rain
RDD-IND-00230,NH-48 KM 214.2,28.9789,77.3086,3,D20_Alligator,0.966,0.308,0.54,0.174,0.055,Sunny Daylight
RDD-IND-00231,NH-66 KM 45.1,28.9801,77.3095,4,D40_Pothole,0.98,0.445,0.677,0.284,0.174,Night Sodium
RDD-IND-00232,Mumbai-Pune Exp KM 88.0,28.9813,77.3104,2,D10_Lateral,0.954,0.486,0.45,0.221,0.172,Overcast
RDD-IND-00233,NH-44 KM 108.4,28.9825,77.3113,3,D20_Alligator,0.961,0.14,0.493,0.117,0.063,Monsoon Rain
RDD-IND-00234,NH-48 KM 214.2,28.9837,77.3122,2,D10_Lateral,0.953,0.154,0.64,0.311,0.081,Sunny Daylight
RDD-IND-00235,NH-66 KM 45.1,28.9849,77.3131,0,Normal,0.927,0.687,0.725,0.268,0.127,Night Sodium
RDD-IND-00236,Mumbai-Pune Exp KM 88.0,28.9861,77.314,3,D20_Alligator,0.974,0.548,0.648,0.331,0.129,Overcast
RDD-IND-00237,NH-44 KM 108.4,28.9873,77.3149,1,D00_Longitudinal,0.935,0.225,0.518,0.266,0.112,Monsoon Rain
RDD-IND-00238,NH-48 KM 214.2,28.9885,77.3158,0,Normal,0.912,0.57,0.733,0.149,0.149,Sunny Daylight
RDD-IND-00239,NH-66 KM 45.1,28.9897,77.3167,3,D20_Alligator,0.967,0.605,0.531,0.321,0.194,Night Sodium
RDD-IND-00240,Mumbai-Pune Exp KM 88.0,28.9909,77.3176,0,Normal,0.926,0.154,0.736,0.091,0.222,Overcast
RDD-IND-00241,NH-44 KM 108.4,28.9921,77.3185,4,D40_Pothole,0.993,0.157,0.737,0.159,0.119,Monsoon Rain
RDD-IND-00242,NH-48 KM 214.2,28.9933,77.3194,4,D40_Pothole,0.994,0.534,0.483,0.164,0.206,Sunny Daylight
RDD-IND-00243,NH-66 KM 45.1,28.9945,77.3203,4,D40_Pothole,0.991,0.651,0.716,0.259,0.138,Night Sodium
RDD-IND-00244,Mumbai-Pune Exp KM 88.0,28.9957,77.3212,1,D00_Longitudinal,0.943,0.134,0.647,0.14,0.19,Overcast
RDD-IND-00245,NH-44 KM 108.4,28.9969,77.3221,0,Normal,0.911,0.448,0.646,0.305,0.205,Monsoon Rain
RDD-IND-00246,NH-48 KM 214.2,28.9981,77.323,4,D40_Pothole,0.992,0.112,0.523,0.292,0.232,Sunny Daylight
RDD-IND-00247,NH-66 KM 45.1,28.9993,77.3239,2,D10_Lateral,0.948,0.544,0.33,0.302,0.102,Night Sodium
RDD-IND-00248,Mumbai-Pune Exp KM 88.0,29.0005,77.3248,4,D40_Pothole,0.995,0.137,0.345,0.214,0.234,Overcast
RDD-IND-00249,NH-44 KM 108.4,29.0017,77.3257,4,D40_Pothole,0.995,0.14,0.348,0.12,0.23,Monsoon Rain
RDD-IND-00250,NH-48 KM 214.2,29.0029,77.3266,4,D40_Pothole,0.985,0.106,0.638,0.3,0.105,Sunny Daylight
RDD-IND-00251,NH-66 KM 45.1,29.0041,77.3275,1,D00_Longitudinal,0.936,0.153,0.303,0.127,0.239,Night Sodium
RDD-IND-00252,Mumbai-Pune Exp KM 88.0,29.0053,77.3284,1,D00_Longitudinal,0.944,0.53,0.31,0.114,0.218,Overcast
RDD-IND-00253,NH-44 KM 108.4,29.0065,77.3293,4,D40_Pothole,0.985,0.538,0.308,0.345,0.174,Monsoon Rain
RDD-IND-00254,NH-48 KM 214.2,29.0077,77.3302,1,D00_Longitudinal,0.938,0.445,0.778,0.281,0.111,Sunny Daylight
RDD-IND-00255,NH-66 KM 45.1,29.0089,77.3311,0,Normal,0.925,0.405,0.375,0.261,0.055,Night Sodium
RDD-IND-00256,Mumbai-Pune Exp KM 88.0,29.0101,77.332,3,D20_Alligator,0.959,0.64,0.431,0.275,0.18,Overcast
RDD-IND-00257,NH-44 KM 108.4,29.0113,77.3329,4,D40_Pothole,0.992,0.194,0.303,0.331,0.187,Monsoon Rain
RDD-IND-00258,NH-48 KM 214.2,29.0125,77.3338,3,D20_Alligator,0.971,0.201,0.5,0.175,0.117,Sunny Daylight
RDD-IND-00259,NH-66 KM 45.1,29.0137,77.3347,3,D20_Alligator,0.96,0.375,0.519,0.221,0.219,Night Sodium
RDD-IND-00260,Mumbai-Pune Exp KM 88.0,29.0149,77.3356,0,Normal,0.919,0.275,0.327,0.094,0.184,Overcast
RDD-IND-00261,NH-44 KM 108.4,29.0161,77.3365,3,D20_Alligator,0.964,0.115,0.726,0.093,0.095,Monsoon Rain
RDD-IND-00262,NH-48 KM 214.2,29.0173,77.3374,4,D40_Pothole,0.997,0.47,0.566,0.341,0.115,Sunny Daylight
RDD-IND-00263,NH-66 KM 45.1,29.0185,77.3383,0,Normal,0.922,0.655,0.623,0.249,0.204,Night Sodium
RDD-IND-00264,Mumbai-Pune Exp KM 88.0,29.0197,77.3392,2,D10_Lateral,0.956,0.187,0.55,0.284,0.11,Overcast
RDD-IND-00265,NH-44 KM 108.4,29.0209,77.3401,4,D40_Pothole,0.987,0.376,0.577,0.192,0.1,Monsoon Rain
RDD-IND-00266,NH-48 KM 214.2,29.0221,77.341,3,D20_Alligator,0.975,0.425,0.708,0.135,0.132,Sunny Daylight
RDD-IND-00267,NH-66 KM 45.1,29.0233,77.3419,3,D20_Alligator,0.971,0.519,0.692,0.178,0.109,Night Sodium
RDD-IND-00268,Mumbai-Pune Exp KM 88.0,29.0245,77.3428,3,D20_Alligator,0.972,0.191,0.441,0.252,0.168,Overcast
RDD-IND-00269,NH-44 KM 108.4,29.0257,77.3437,1,D00_Longitudinal,0.942,0.552,0.692,0.117,0.106,Monsoon Rain
RDD-IND-00270,NH-48 KM 214.2,29.0269,77.3446,1,D00_Longitudinal,0.936,0.419,0.666,0.175,0.17,Sunny Daylight
RDD-IND-00271,NH-66 KM 45.1,29.0281,77.3455,4,D40_Pothole,0.981,0.296,0.469,0.25,0.239,Night Sodium
RDD-IND-00272,Mumbai-Pune Exp KM 88.0,29.0293,77.3464,4,D40_Pothole,0.981,0.178,0.703,0.222,0.246,Overcast
RDD-IND-00273,NH-44 KM 108.4,29.0305,77.3473,4,D40_Pothole,0.986,0.444,0.677,0.167,0.2,Monsoon Rain
RDD-IND-00274,NH-48 KM 214.2,29.0317,77.3482,4,D40_Pothole,0.99,0.653,0.493,0.223,0.148,Sunny Daylight
RDD-IND-00275,NH-66 KM 45.1,29.0329,77.3491,2,D10_Lateral,0.955,0.171,0.665,0.081,0.143,Night Sodium
RDD-IND-00276,Mumbai-Pune Exp KM 88.0,29.0341,77.35,2,D10_Lateral,0.954,0.533,0.447,0.155,0.212,Overcast
RDD-IND-00277,NH-44 KM 108.4,29.0353,77.3509,4,D40_Pothole,0.98,0.288,0.665,0.286,0.098,Monsoon Rain
RDD-IND-00278,NH-48 KM 214.2,29.0365,77.3518,3,D20_Alligator,0.967,0.626,0.484,0.343,0.192,Sunny Daylight
RDD-IND-00279,NH-66 KM 45.1,29.0377,77.3527,3,D20_Alligator,0.972,0.596,0.792,0.236,0.242,Night Sodium
RDD-IND-00280,Mumbai-Pune Exp KM 88.0,29.0389,77.3536,4,D40_Pothole,0.98,0.178,0.795,0.195,0.151,Overcast
RDD-IND-00281,NH-44 KM 108.4,29.0401,77.3545,4,D40_Pothole,0.988,0.298,0.408,0.201,0.155,Monsoon Rain
RDD-IND-00282,NH-48 KM 214.2,29.0413,77.3554,1,D00_Longitudinal,0.94,0.502,0.62,0.243,0.232,Sunny Daylight
RDD-IND-00283,NH-66 KM 45.1,29.0425,77.3563,1,D00_Longitudinal,0.943,0.294,0.398,0.163,0.216,Night Sodium
RDD-IND-00284,Mumbai-Pune Exp KM 88.0,29.0437,77.3572,0,Normal,0.918,0.101,0.5,0.12,0.13,Overcast
RDD-IND-00285,NH-44 KM 108.4,29.0449,77.3581,3,D20_Alligator,0.961,0.245,0.715,0.083,0.101,Monsoon Rain
RDD-IND-00286,NH-48 KM 214.2,29.0461,77.359,0,Normal,0.913,0.28,0.661,0.333,0.192,Sunny Daylight
RDD-IND-00287,NH-66 KM 45.1,29.0473,77.3599,2,D10_Lateral,0.951,0.694,0.375,0.254,0.057,Night Sodium
RDD-IND-00288,Mumbai-Pune Exp KM 88.0,29.0485,77.3608,2,D10_Lateral,0.958,0.488,0.577,0.287,0.072,Overcast
RDD-IND-00289,NH-44 KM 108.4,29.0497,77.3617,1,D00_Longitudinal,0.935,0.262,0.325,0.286,0.108,Monsoon Rain
RDD-IND-00290,NH-48 KM 214.2,29.0509,77.3626,3,D20_Alligator,0.962,0.193,0.466,0.294,0.221,Sunny Daylight
RDD-IND-00291,NH-66 KM 45.1,29.0521,77.3635,0,Normal,0.913,0.627,0.688,0.217,0.24,Night Sodium
RDD-IND-00292,Mumbai-Pune Exp KM 88.0,29.0533,77.3644,0,Normal,0.913,0.424,0.476,0.322,0.205,Overcast
RDD-IND-00293,NH-44 KM 108.4,29.0545,77.3653,4,D40_Pothole,0.982,0.515,0.354,0.116,0.131,Monsoon Rain
RDD-IND-00294,NH-48 KM 214.2,29.0557,77.3662,1,D00_Longitudinal,0.942,0.29,0.478,0.278,0.16,Sunny Daylight
RDD-IND-00295,NH-66 KM 45.1,29.0569,77.3671,0,Normal,0.921,0.346,0.448,0.231,0.227,Night Sodium
RDD-IND-00296,Mumbai-Pune Exp KM 88.0,29.0581,77.368,2,D10_Lateral,0.956,0.232,0.72,0.194,0.208,Overcast
RDD-IND-00297,NH-44 KM 108.4,29.0593,77.3689,4,D40_Pothole,0.978,0.108,0.761,0.165,0.155,Monsoon Rain
RDD-IND-00298,NH-48 KM 214.2,29.0605,77.3698,1,D00_Longitudinal,0.929,0.228,0.336,0.099,0.11,Sunny Daylight
RDD-IND-00299,NH-66 KM 45.1,29.0617,77.3707,3,D20_Alligator,0.965,0.273,0.634,0.135,0.064,Night Sodium
RDD-IND-00300,Mumbai-Pune Exp KM 88.0,29.0629,77.3716,0,Normal,0.918,0.145,0.737,0.167,0.167,Overcast
RDD-IND-00301,NH-44 KM 108.4,29.0641,77.3725,0,Normal,0.915,0.459,0.708,0.322,0.241,Monsoon Rain
RDD-IND-00302,NH-48 KM 214.2,29.0653,77.3734,2,D10_Lateral,0.957,0.355,0.64,0.206,0.129,Sunny Daylight
RDD-IND-00303,NH-66 KM 45.1,29.0665,77.3743,2,D10_Lateral,0.958,0.26,0.492,0.118,0.066,Night Sodium
RDD-IND-00304,Mumbai-Pune Exp KM 88.0,29.0677,77.3752,3,D20_Alligator,0.966,0.43,0.687,0.27,0.12,Overcast
RDD-IND-00305,NH-44 KM 108.4,29.0689,77.3761,3,D20_Alligator,0.974,0.483,0.358,0.323,0.175,Monsoon Rain
RDD-IND-00306,NH-48 KM 214.2,29.0701,77.377,4,D40_Pothole,0.996,0.135,0.32,0.17,0.196,Sunny Daylight
RDD-IND-00307,NH-66 KM 45.1,29.0713,77.3779,2,D10_Lateral,0.955,0.336,0.756,0.115,0.107,Night Sodium
RDD-IND-00308,Mumbai-Pune Exp KM 88.0,29.0725,77.3788,1,D00_Longitudinal,0.938,0.233,0.742,0.175,0.054,Overcast
RDD-IND-00309,NH-44 KM 108.4,29.0737,77.3797,4,D40_Pothole,0.98,0.262,0.793,0.333,0.158,Monsoon Rain
RDD-IND-00310,NH-48 KM 214.2,29.0749,77.3806,1,D00_Longitudinal,0.934,0.696,0.59,0.33,0.233,Sunny Daylight
RDD-IND-00311,NH-66 KM 45.1,29.0761,77.3815,2,D10_Lateral,0.949,0.299,0.456,0.082,0.148,Night Sodium
RDD-IND-00312,Mumbai-Pune Exp KM 88.0,29.0773,77.3824,0,Normal,0.917,0.657,0.58,0.117,0.195,Overcast
RDD-IND-00313,NH-44 KM 108.4,29.0785,77.3833,0,Normal,0.912,0.495,0.505,0.317,0.063,Monsoon Rain
RDD-IND-00314,NH-48 KM 214.2,29.0797,77.3842,4,D40_Pothole,0.995,0.125,0.659,0.119,0.161,Sunny Daylight
RDD-IND-00315,NH-66 KM 45.1,29.0809,77.3851,4,D40_Pothole,0.984,0.168,0.309,0.249,0.174,Night Sodium
RDD-IND-00316,Mumbai-Pune Exp KM 88.0,29.0821,77.386,3,D20_Alligator,0.971,0.26,0.769,0.266,0.236,Overcast
RDD-IND-00317,NH-44 KM 108.4,29.0833,77.3869,2,D10_Lateral,0.946,0.302,0.499,0.268,0.189,Monsoon Rain
RDD-IND-00318,NH-48 KM 214.2,29.0845,77.3878,0,Normal,0.925,0.552,0.582,0.256,0.233,Sunny Daylight
RDD-IND-00319,NH-66 KM 45.1,29.0857,77.3887,0,Normal,0.924,0.69,0.628,0.115,0.228,Night Sodium
RDD-IND-00320,Mumbai-Pune Exp KM 88.0,29.0869,77.3896,1,D00_Longitudinal,0.932,0.295,0.736,0.189,0.125,Overcast
RDD-IND-00321,NH-44 KM 108.4,29.0881,77.3905,2,D10_Lateral,0.958,0.37,0.592,0.142,0.092,Monsoon Rain
RDD-IND-00322,NH-48 KM 214.2,29.0893,77.3914,3,D20_Alligator,0.973,0.165,0.61,0.23,0.08,Sunny Daylight
RDD-IND-00323,NH-66 KM 45.1,29.0905,77.3923,3,D20_Alligator,0.968,0.164,0.308,0.084,0.06,Night Sodium
RDD-IND-00324,Mumbai-Pune Exp KM 88.0,29.0917,77.3932,1,D00_Longitudinal,0.935,0.288,0.48,0.172,0.157,Overcast
RDD-IND-00325,NH-44 KM 108.4,29.0929,77.3941,4,D40_Pothole,0.994,0.677,0.31,0.144,0.15,Monsoon Rain
RDD-IND-00326,NH-48 KM 214.2,29.0941,77.395,3,D20_Alligator,0.975,0.506,0.351,0.131,0.057,Sunny Daylight
RDD-IND-00327,NH-66 KM 45.1,29.0953,77.3959,3,D20_Alligator,0.959,0.347,0.326,0.085,0.059,Night Sodium
RDD-IND-00328,Mumbai-Pune Exp KM 88.0,29.0965,77.3968,3,D20_Alligator,0.964,0.345,0.754,0.192,0.068,Overcast
RDD-IND-00329,NH-44 KM 108.4,29.0977,77.3977,2,D10_Lateral,0.947,0.274,0.645,0.109,0.073,Monsoon Rain
RDD-IND-00330,NH-48 KM 214.2,29.0989,77.3986,1,D00_Longitudinal,0.932,0.509,0.346,0.272,0.16,Sunny Daylight
RDD-IND-00331,NH-66 KM 45.1,29.1001,77.3995,1,D00_Longitudinal,0.941,0.569,0.587,0.319,0.14,Night Sodium
RDD-IND-00332,Mumbai-Pune Exp KM 88.0,29.1013,77.4004,4,D40_Pothole,0.977,0.432,0.413,0.285,0.184,Overcast
RDD-IND-00333,NH-44 KM 108.4,29.1025,77.4013,0,Normal,0.911,0.263,0.637,0.297,0.089,Monsoon Rain
RDD-IND-00334,NH-48 KM 214.2,29.1037,77.4022,0,Normal,0.92,0.144,0.426,0.301,0.24,Sunny Daylight
RDD-IND-00335,NH-66 KM 45.1,29.1049,77.4031,0,Normal,0.914,0.684,0.448,0.31,0.197,Night Sodium
RDD-IND-00336,Mumbai-Pune Exp KM 88.0,29.1061,77.404,0,Normal,0.914,0.307,0.45,0.129,0.082,Overcast
RDD-IND-00337,NH-44 KM 108.4,29.1073,77.4049,4,D40_Pothole,0.985,0.413,0.719,0.133,0.222,Monsoon Rain
RDD-IND-00338,NH-48 KM 214.2,29.1085,77.4058,3,D20_Alligator,0.972,0.373,0.722,0.139,0.053,Sunny Daylight
RDD-IND-00339,NH-66 KM 45.1,29.1097,77.4067,2,D10_Lateral,0.952,0.549,0.625,0.104,0.113,Night Sodium
RDD-IND-00340,Mumbai-Pune Exp KM 88.0,29.1109,77.4076,0,Normal,0.919,0.415,0.356,0.342,0.067,Overcast
RDD-IND-00341,NH-44 KM 108.4,29.1121,77.4085,2,D10_Lateral,0.953,0.684,0.418,0.125,0.083,Monsoon Rain
RDD-IND-00342,NH-48 KM 214.2,29.1133,77.4094,2,D10_Lateral,0.952,0.465,0.498,0.143,0.136,Sunny Daylight
RDD-IND-00343,NH-66 KM 45.1,29.1145,77.4103,0,Normal,0.925,0.537,0.674,0.331,0.112,Night Sodium
RDD-IND-00344,Mumbai-Pune Exp KM 88.0,29.1157,77.4112,2,D10_Lateral,0.948,0.238,0.559,0.272,0.063,Overcast
RDD-IND-00345,NH-44 KM 108.4,29.1169,77.4121,1,D00_Longitudinal,0.945,0.405,0.509,0.146,0.119,Monsoon Rain
RDD-IND-00346,NH-48 KM 214.2,29.1181,77.413,3,D20_Alligator,0.964,0.565,0.601,0.303,0.103,Sunny Daylight
RDD-IND-00347,NH-66 KM 45.1,29.1193,77.4139,3,D20_Alligator,0.966,0.127,0.494,0.191,0.221,Night Sodium
RDD-IND-00348,Mumbai-Pune Exp KM 88.0,29.1205,77.4148,0,Normal,0.914,0.286,0.574,0.089,0.237,Overcast
RDD-IND-00349,NH-44 KM 108.4,29.1217,77.4157,1,D00_Longitudinal,0.943,0.5,0.561,0.242,0.054,Monsoon Rain
RDD-IND-00350,NH-48 KM 214.2,29.1229,77.4166,3,D20_Alligator,0.965,0.497,0.691,0.312,0.112,Sunny Daylight
RDD-IND-00351,NH-66 KM 45.1,29.1241,77.4175,2,D10_Lateral,0.954,0.47,0.497,0.245,0.109,Night Sodium
RDD-IND-00352,Mumbai-Pune Exp KM 88.0,29.1253,77.4184,4,D40_Pothole,0.985,0.654,0.45,0.081,0.153,Overcast
RDD-IND-00353,NH-44 KM 108.4,29.1265,77.4193,3,D20_Alligator,0.968,0.686,0.559,0.304,0.183,Monsoon Rain
RDD-IND-00354,NH-48 KM 214.2,29.1277,77.4202,0,Normal,0.924,0.552,0.543,0.094,0.088,Sunny Daylight
RDD-IND-00355,NH-66 KM 45.1,29.1289,77.4211,0,Normal,0.916,0.539,0.339,0.321,0.22,Night Sodium
RDD-IND-00356,Mumbai-Pune Exp KM 88.0,29.1301,77.422,3,D20_Alligator,0.967,0.122,0.455,0.286,0.17,Overcast
RDD-IND-00357,NH-44 KM 108.4,29.1313,77.4229,0,Normal,0.912,0.563,0.666,0.254,0.132,Monsoon Rain
RDD-IND-00358,NH-48 KM 214.2,29.1325,77.4238,3,D20_Alligator,0.962,0.135,0.394,0.175,0.228,Sunny Daylight
RDD-IND-00359,NH-66 KM 45.1,29.1337,77.4247,4,D40_Pothole,0.993,0.67,0.75,0.174,0.063,Night Sodium
RDD-IND-00360,Mumbai-Pune Exp KM 88.0,29.1349,77.4256,3,D20_Alligator,0.961,0.674,0.407,0.347,0.093,Overcast
RDD-IND-00361,NH-44 KM 108.4,29.1361,77.4265,1,D00_Longitudinal,0.944,0.507,0.315,0.289,0.19,Monsoon Rain
RDD-IND-00362,NH-48 KM 214.2,29.1373,77.4274,3,D20_Alligator,0.967,0.339,0.372,0.271,0.171,Sunny Daylight
RDD-IND-00363,NH-66 KM 45.1,29.1385,77.4283,2,D10_Lateral,0.95,0.659,0.552,0.1,0.249,Night Sodium
RDD-IND-00364,Mumbai-Pune Exp KM 88.0,29.1397,77.4292,2,D10_Lateral,0.958,0.391,0.71,0.333,0.199,Overcast
RDD-IND-00365,NH-44 KM 108.4,29.1409,77.4301,4,D40_Pothole,0.993,0.448,0.661,0.171,0.14,Monsoon Rain
RDD-IND-00366,NH-48 KM 214.2,29.1421,77.431,1,D00_Longitudinal,0.944,0.521,0.397,0.346,0.215,Sunny Daylight
RDD-IND-00367,NH-66 KM 45.1,29.1433,77.4319,4,D40_Pothole,0.995,0.498,0.573,0.13,0.056,Night Sodium
RDD-IND-00368,Mumbai-Pune Exp KM 88.0,29.1445,77.4328,4,D40_Pothole,0.99,0.39,0.524,0.334,0.072,Overcast
RDD-IND-00369,NH-44 KM 108.4,29.1457,77.4337,0,Normal,0.927,0.665,0.784,0.277,0.189,Monsoon Rain
RDD-IND-00370,NH-48 KM 214.2,29.1469,77.4346,0,Normal,0.916,0.286,0.581,0.269,0.103,Sunny Daylight
RDD-IND-00371,NH-66 KM 45.1,29.1481,77.4355,0,Normal,0.919,0.21,0.709,0.266,0.249,Night Sodium
RDD-IND-00372,Mumbai-Pune Exp KM 88.0,29.1493,77.4364,0,Normal,0.912,0.229,0.418,0.238,0.247,Overcast
RDD-IND-00373,NH-44 KM 108.4,29.1505,77.4373,0,Normal,0.918,0.412,0.653,0.34,0.14,Monsoon Rain
RDD-IND-00374,NH-48 KM 214.2,29.1517,77.4382,3,D20_Alligator,0.97,0.435,0.737,0.202,0.158,Sunny Daylight
RDD-IND-00375,NH-66 KM 45.1,29.1529,77.4391,0,Normal,0.916,0.226,0.386,0.302,0.241,Night Sodium
RDD-IND-00376,Mumbai-Pune Exp KM 88.0,29.1541,77.44,1,D00_Longitudinal,0.938,0.518,0.676,0.154,0.053,Overcast
RDD-IND-00377,NH-44 KM 108.4,29.1553,77.4409,4,D40_Pothole,0.984,0.194,0.602,0.226,0.141,Monsoon Rain
RDD-IND-00378,NH-48 KM 214.2,29.1565,77.4418,0,Normal,0.912,0.138,0.798,0.313,0.241,Sunny Daylight
RDD-IND-00379,NH-66 KM 45.1,29.1577,77.4427,4,D40_Pothole,0.982,0.202,0.743,0.102,0.055,Night Sodium
RDD-IND-00380,Mumbai-Pune Exp KM 88.0,29.1589,77.4436,1,D00_Longitudinal,0.935,0.59,0.532,0.244,0.136,Overcast
RDD-IND-00381,NH-44 KM 108.4,29.1601,77.4445,0,Normal,0.92,0.19,0.499,0.229,0.103,Monsoon Rain
RDD-IND-00382,NH-48 KM 214.2,29.1613,77.4454,3,D20_Alligator,0.971,0.175,0.45,0.331,0.148,Sunny Daylight
RDD-IND-00383,NH-66 KM 45.1,29.1625,77.4463,3,D20_Alligator,0.965,0.364,0.604,0.297,0.191,Night Sodium
RDD-IND-00384,Mumbai-Pune Exp KM 88.0,29.1637,77.4472,4,D40_Pothole,0.987,0.282,0.345,0.158,0.123,Overcast
RDD-IND-00385,NH-44 KM 108.4,29.1649,77.4481,3,D20_Alligator,0.975,0.696,0.483,0.297,0.12,Monsoon Rain
RDD-IND-00386,NH-48 KM 214.2,29.1661,77.449,4,D40_Pothole,0.981,0.519,0.697,0.269,0.076,Sunny Daylight
RDD-IND-00387,NH-66 KM 45.1,29.1673,77.4499,1,D00_Longitudinal,0.935,0.692,0.556,0.219,0.1,Night Sodium
RDD-IND-00388,Mumbai-Pune Exp KM 88.0,29.1685,77.4508,0,Normal,0.926,0.197,0.744,0.11,0.247,Overcast
RDD-IND-00389,NH-44 KM 108.4,29.1697,77.4517,4,D40_Pothole,0.976,0.552,0.372,0.297,0.216,Monsoon Rain
RDD-IND-00390,NH-48 KM 214.2,29.1709,77.4526,4,D40_Pothole,0.981,0.282,0.647,0.259,0.09,Sunny Daylight
RDD-IND-00391,NH-66 KM 45.1,29.1721,77.4535,4,D40_Pothole,0.997,0.395,0.718,0.168,0.197,Night Sodium
RDD-IND-00392,Mumbai-Pune Exp KM 88.0,29.1733,77.4544,2,D10_Lateral,0.946,0.311,0.695,0.288,0.216,Overcast
RDD-IND-00393,NH-44 KM 108.4,29.1745,77.4553,1,D00_Longitudinal,0.943,0.366,0.589,0.165,0.081,Monsoon Rain
RDD-IND-00394,NH-48 KM 214.2,29.1757,77.4562,4,D40_Pothole,0.978,0.316,0.322,0.148,0.102,Sunny Daylight
RDD-IND-00395,NH-66 KM 45.1,29.1769,77.4571,1,D00_Longitudinal,0.94,0.348,0.523,0.314,0.145,Night Sodium
RDD-IND-00396,Mumbai-Pune Exp KM 88.0,29.1781,77.458,4,D40_Pothole,0.992,0.329,0.621,0.312,0.117,Overcast
RDD-IND-00397,NH-44 KM 108.4,29.1793,77.4589,4,D40_Pothole,0.986,0.257,0.659,0.305,0.207,Monsoon Rain
RDD-IND-00398,NH-48 KM 214.2,29.1805,77.4598,2,D10_Lateral,0.948,0.305,0.594,0.303,0.096,Sunny Daylight
RDD-IND-00399,NH-66 KM 45.1,29.1817,77.4607,4,D40_Pothole,0.976,0.538,0.614,0.182,0.157,Night Sodium
RDD-IND-00400,Mumbai-Pune Exp KM 88.0,29.1829,77.4616,4,D40_Pothole,0.976,0.537,0.742,0.204,0.232,Overcast
RDD-IND-00401,NH-44 KM 108.4,29.1841,77.4625,0,Normal,0.919,0.387,0.417,0.345,0.099,Monsoon Rain
RDD-IND-00402,NH-48 KM 214.2,29.1853,77.4634,4,D40_Pothole,0.989,0.645,0.55,0.207,0.178,Sunny Daylight
RDD-IND-00403,NH-66 KM 45.1,29.1865,77.4643,2,D10_Lateral,0.954,0.37,0.513,0.269,0.196,Night Sodium
RDD-IND-00404,Mumbai-Pune Exp KM 88.0,29.1877,77.4652,4,D40_Pothole,0.983,0.212,0.663,0.301,0.142,Overcast
RDD-IND-00405,NH-44 KM 108.4,29.1889,77.4661,1,D00_Longitudinal,0.938,0.671,0.774,0.155,0.227,Monsoon Rain
RDD-IND-00406,NH-48 KM 214.2,29.1901,77.467,4,D40_Pothole,0.989,0.433,0.665,0.148,0.116,Sunny Daylight
RDD-IND-00407,NH-66 KM 45.1,29.1913,77.4679,1,D00_Longitudinal,0.944,0.677,0.448,0.286,0.195,Night Sodium
RDD-IND-00408,Mumbai-Pune Exp KM 88.0,29.1925,77.4688,0,Normal,0.911,0.156,0.372,0.338,0.163,Overcast
RDD-IND-00409,NH-44 KM 108.4,29.1937,77.4697,4,D40_Pothole,0.99,0.216,0.446,0.199,0.198,Monsoon Rain
RDD-IND-00410,NH-48 KM 214.2,29.1949,77.4706,0,Normal,0.918,0.161,0.622,0.278,0.191,Sunny Daylight
RDD-IND-00411,NH-66 KM 45.1,29.1961,77.4715,1,D00_Longitudinal,0.938,0.577,0.316,0.245,0.213,Night Sodium
RDD-IND-00412,Mumbai-Pune Exp KM 88.0,29.1973,77.4724,4,D40_Pothole,0.994,0.256,0.354,0.146,0.205,Overcast
RDD-IND-00413,NH-44 KM 108.4,29.1985,77.4733,4,D40_Pothole,0.994,0.145,0.619,0.097,0.226,Monsoon Rain
RDD-IND-00414,NH-48 KM 214.2,29.1997,77.4742,3,D20_Alligator,0.96,0.341,0.317,0.157,0.241,Sunny Daylight
RDD-IND-00415,NH-66 KM 45.1,29.2009,77.4751,3,D20_Alligator,0.966,0.621,0.448,0.268,0.194,Night Sodium
RDD-IND-00416,Mumbai-Pune Exp KM 88.0,29.2021,77.476,2,D10_Lateral,0.949,0.582,0.426,0.162,0.172,Overcast
RDD-IND-00417,NH-44 KM 108.4,29.2033,77.4769,1,D00_Longitudinal,0.936,0.399,0.474,0.1,0.149,Monsoon Rain
RDD-IND-00418,NH-48 KM 214.2,29.2045,77.4778,1,D00_Longitudinal,0.939,0.698,0.334,0.086,0.117,Sunny Daylight
RDD-IND-00419,NH-66 KM 45.1,29.2057,77.4787,3,D20_Alligator,0.969,0.292,0.504,0.294,0.19,Night Sodium
RDD-IND-00420,Mumbai-Pune Exp KM 88.0,29.2069,77.4796,4,D40_Pothole,0.976,0.381,0.397,0.264,0.069,Overcast
RDD-IND-00421,NH-44 KM 108.4,29.2081,77.4805,4,D40_Pothole,0.98,0.548,0.481,0.232,0.232,Monsoon Rain
RDD-IND-00422,NH-48 KM 214.2,29.2093,77.4814,4,D40_Pothole,0.979,0.469,0.717,0.153,0.211,Sunny Daylight
RDD-IND-00423,NH-66 KM 45.1,29.2105,77.4823,0,Normal,0.918,0.159,0.745,0.216,0.078,Night Sodium
RDD-IND-00424,Mumbai-Pune Exp KM 88.0,29.2117,77.4832,2,D10_Lateral,0.954,0.656,0.643,0.118,0.103,Overcast
RDD-IND-00425,NH-44 KM 108.4,29.2129,77.4841,0,Normal,0.915,0.493,0.415,0.153,0.07,Monsoon Rain
RDD-IND-00426,NH-48 KM 214.2,29.2141,77.485,2,D10_Lateral,0.958,0.138,0.513,0.308,0.07,Sunny Daylight
RDD-IND-00427,NH-66 KM 45.1,29.2153,77.4859,2,D10_Lateral,0.949,0.158,0.704,0.303,0.195,Night Sodium
RDD-IND-00428,Mumbai-Pune Exp KM 88.0,29.2165,77.4868,4,D40_Pothole,0.988,0.665,0.338,0.143,0.179,Overcast
RDD-IND-00429,NH-44 KM 108.4,29.2177,77.4877,1,D00_Longitudinal,0.941,0.207,0.701,0.095,0.116,Monsoon Rain
RDD-IND-00430,NH-48 KM 214.2,29.2189,77.4886,0,Normal,0.92,0.221,0.473,0.218,0.081,Sunny Daylight
RDD-IND-00431,NH-66 KM 45.1,29.2201,77.4895,0,Normal,0.923,0.52,0.741,0.327,0.236,Night Sodium
RDD-IND-00432,Mumbai-Pune Exp KM 88.0,29.2213,77.4904,4,D40_Pothole,0.977,0.617,0.751,0.241,0.242,Overcast
RDD-IND-00433,NH-44 KM 108.4,29.2225,77.4913,3,D20_Alligator,0.964,0.322,0.761,0.169,0.072,Monsoon Rain
RDD-IND-00434,NH-48 KM 214.2,29.2237,77.4922,0,Normal,0.919,0.151,0.578,0.311,0.149,Sunny Daylight
RDD-IND-00435,NH-66 KM 45.1,29.2249,77.4931,0,Normal,0.917,0.521,0.302,0.088,0.172,Night Sodium
RDD-IND-00436,Mumbai-Pune Exp KM 88.0,29.2261,77.494,3,D20_Alligator,0.972,0.672,0.765,0.164,0.104,Overcast
RDD-IND-00437,NH-44 KM 108.4,29.2273,77.4949,0,Normal,0.916,0.683,0.525,0.312,0.122,Monsoon Rain
RDD-IND-00438,NH-48 KM 214.2,29.2285,77.4958,4,D40_Pothole,0.982,0.466,0.559,0.348,0.132,Sunny Daylight
RDD-IND-00439,NH-66 KM 45.1,29.2297,77.4967,3,D20_Alligator,0.972,0.219,0.556,0.138,0.224,Night Sodium
RDD-IND-00440,Mumbai-Pune Exp KM 88.0,29.2309,77.4976,0,Normal,0.917,0.593,0.541,0.308,0.128,Overcast
RDD-IND-00441,NH-44 KM 108.4,29.2321,77.4985,0,Normal,0.917,0.649,0.625,0.333,0.24,Monsoon Rain
RDD-IND-00442,NH-48 KM 214.2,29.2333,77.4994,4,D40_Pothole,0.997,0.39,0.334,0.32,0.2,Sunny Daylight
RDD-IND-00443,NH-66 KM 45.1,29.2345,77.5003,1,D00_Longitudinal,0.943,0.611,0.586,0.13,0.056,Night Sodium
RDD-IND-00444,Mumbai-Pune Exp KM 88.0,29.2357,77.5012,1,D00_Longitudinal,0.943,0.428,0.776,0.142,0.133,Overcast
RDD-IND-00445,NH-44 KM 108.4,29.2369,77.5021,4,D40_Pothole,0.982,0.44,0.748,0.268,0.077,Monsoon Rain
RDD-IND-00446,NH-48 KM 214.2,29.2381,77.503,4,D40_Pothole,0.993,0.312,0.421,0.209,0.187,Sunny Daylight
RDD-IND-00447,NH-66 KM 45.1,29.2393,77.5039,4,D40_Pothole,0.997,0.42,0.663,0.17,0.064,Night Sodium
RDD-IND-00448,Mumbai-Pune Exp KM 88.0,29.2405,77.5048,4,D40_Pothole,0.976,0.403,0.707,0.264,0.214,Overcast
RDD-IND-00449,NH-44 KM 108.4,29.2417,77.5057,1,D00_Longitudinal,0.943,0.525,0.729,0.266,0.155,Monsoon Rain
RDD-IND-00450,NH-48 KM 214.2,29.2429,77.5066,0,Normal,0.917,0.156,0.528,0.274,0.214,Sunny Daylight
RDD-IND-00451,NH-66 KM 45.1,29.2441,77.5075,4,D40_Pothole,0.978,0.3,0.379,0.325,0.071,Night Sodium
RDD-IND-00452,Mumbai-Pune Exp KM 88.0,29.2453,77.5084,3,D20_Alligator,0.959,0.301,0.74,0.276,0.072,Overcast
RDD-IND-00453,NH-44 KM 108.4,29.2465,77.5093,2,D10_Lateral,0.947,0.602,0.542,0.294,0.206,Monsoon Rain
RDD-IND-00454,NH-48 KM 214.2,29.2477,77.5102,4,D40_Pothole,0.99,0.273,0.448,0.254,0.069,Sunny Daylight
RDD-IND-00455,NH-66 KM 45.1,29.2489,77.5111,0,Normal,0.92,0.481,0.442,0.298,0.177,Night Sodium
RDD-IND-00456,Mumbai-Pune Exp KM 88.0,29.2501,77.512,2,D10_Lateral,0.953,0.456,0.627,0.094,0.198,Overcast
RDD-IND-00457,NH-44 KM 108.4,29.2513,77.5129,0,Normal,0.911,0.165,0.315,0.298,0.103,Monsoon Rain
RDD-IND-00458,NH-48 KM 214.2,29.2525,77.5138,2,D10_Lateral,0.951,0.608,0.686,0.225,0.121,Sunny Daylight
RDD-IND-00459,NH-66 KM 45.1,29.2537,77.5147,0,Normal,0.915,0.55,0.73,0.166,0.233,Night Sodium
RDD-IND-00460,Mumbai-Pune Exp KM 88.0,29.2549,77.5156,0,Normal,0.92,0.124,0.477,0.188,0.081,Overcast
RDD-IND-00461,NH-44 KM 108.4,29.2561,77.5165,0,Normal,0.92,0.273,0.639,0.169,0.088,Monsoon Rain
RDD-IND-00462,NH-48 KM 214.2,29.2573,77.5174,3,D20_Alligator,0.967,0.238,0.645,0.223,0.07,Sunny Daylight
RDD-IND-00463,NH-66 KM 45.1,29.2585,77.5183,3,D20_Alligator,0.976,0.507,0.574,0.323,0.209,Night Sodium
RDD-IND-00464,Mumbai-Pune Exp KM 88.0,29.2597,77.5192,3,D20_Alligator,0.961,0.502,0.747,0.134,0.21,Overcast
RDD-IND-00465,NH-44 KM 108.4,29.2609,77.5201,4,D40_Pothole,0.995,0.138,0.629,0.212,0.14,Monsoon Rain
RDD-IND-00466,NH-48 KM 214.2,29.2621,77.521,1,D00_Longitudinal,0.943,0.218,0.618,0.326,0.061,Sunny Daylight
RDD-IND-00467,NH-66 KM 45.1,29.2633,77.5219,1,D00_Longitudinal,0.935,0.309,0.681,0.085,0.175,Night Sodium
RDD-IND-00468,Mumbai-Pune Exp KM 88.0,29.2645,77.5228,4,D40_Pothole,0.986,0.217,0.492,0.25,0.058,Overcast
RDD-IND-00469,NH-44 KM 108.4,29.2657,77.5237,1,D00_Longitudinal,0.93,0.18,0.603,0.287,0.238,Monsoon Rain
RDD-IND-00470,NH-48 KM 214.2,29.2669,77.5246,4,D40_Pothole,0.995,0.386,0.721,0.105,0.167,Sunny Daylight
RDD-IND-00471,NH-66 KM 45.1,29.2681,77.5255,0,Normal,0.911,0.134,0.378,0.321,0.072,Night Sodium
RDD-IND-00472,Mumbai-Pune Exp KM 88.0,29.2693,77.5264,4,D40_Pothole,0.995,0.214,0.423,0.184,0.146,Overcast
RDD-IND-00473,NH-44 KM 108.4,29.2705,77.5273,0,Normal,0.914,0.187,0.72,0.267,0.118,Monsoon Rain
RDD-IND-00474,NH-48 KM 214.2,29.2717,77.5282,4,D40_Pothole,0.988,0.631,0.375,0.249,0.249,Sunny Daylight
RDD-IND-00475,NH-66 KM 45.1,29.2729,77.5291,2,D10_Lateral,0.956,0.661,0.336,0.229,0.073,Night Sodium
RDD-IND-00476,Mumbai-Pune Exp KM 88.0,29.2741,77.53,4,D40_Pothole,0.997,0.623,0.642,0.103,0.248,Overcast
RDD-IND-00477,NH-44 KM 108.4,29.2753,77.5309,0,Normal,0.916,0.696,0.39,0.13,0.245,Monsoon Rain
RDD-IND-00478,NH-48 KM 214.2,29.2765,77.5318,3,D20_Alligator,0.959,0.673,0.69,0.082,0.052,Sunny Daylight
RDD-IND-00479,NH-66 KM 45.1,29.2777,77.5327,4,D40_Pothole,0.995,0.153,0.422,0.227,0.115,Night Sodium
RDD-IND-00480,Mumbai-Pune Exp KM 88.0,29.2789,77.5336,2,D10_Lateral,0.956,0.391,0.505,0.259,0.127,Overcast
RDD-IND-00481,NH-44 KM 108.4,29.2801,77.5345,3,D20_Alligator,0.965,0.231,0.588,0.14,0.074,Monsoon Rain
RDD-IND-00482,NH-48 KM 214.2,29.2813,77.5354,3,D20_Alligator,0.971,0.452,0.773,0.283,0.14,Sunny Daylight
RDD-IND-00483,NH-66 KM 45.1,29.2825,77.5363,2,D10_Lateral,0.95,0.348,0.64,0.105,0.215,Night Sodium
RDD-IND-00484,Mumbai-Pune Exp KM 88.0,29.2837,77.5372,3,D20_Alligator,0.965,0.296,0.355,0.143,0.072,Overcast
RDD-IND-00485,NH-44 KM 108.4,29.2849,77.5381,3,D20_Alligator,0.961,0.339,0.407,0.345,0.109,Monsoon Rain
RDD-IND-00486,NH-48 KM 214.2,29.2861,77.539,4,D40_Pothole,0.989,0.104,0.677,0.221,0.158,Sunny Daylight
RDD-IND-00487,NH-66 KM 45.1,29.2873,77.5399,0,Normal,0.914,0.448,0.7,0.087,0.239,Night Sodium
RDD-IND-00488,Mumbai-Pune Exp KM 88.0,29.2885,77.5408,1,D00_Longitudinal,0.935,0.505,0.761,0.191,0.209,Overcast
RDD-IND-00489,NH-44 KM 108.4,29.2897,77.5417,4,D40_Pothole,0.994,0.263,0.439,0.183,0.168,Monsoon Rain
RDD-IND-00490,NH-48 KM 214.2,29.2909,77.5426,4,D40_Pothole,0.988,0.646,0.684,0.253,0.171,Sunny Daylight
RDD-IND-00491,NH-66 KM 45.1,29.2921,77.5435,2,D10_Lateral,0.95,0.511,0.344,0.134,0.204,Night Sodium
RDD-IND-00492,Mumbai-Pune Exp KM 88.0,29.2933,77.5444,3,D20_Alligator,0.965,0.405,0.505,0.166,0.057,Overcast
RDD-IND-00493,NH-44 KM 108.4,29.2945,77.5453,1,D00_Longitudinal,0.934,0.642,0.738,0.214,0.219,Monsoon Rain
RDD-IND-00494,NH-48 KM 214.2,29.2957,77.5462,0,Normal,0.927,0.331,0.691,0.337,0.168,Sunny Daylight
RDD-IND-00495,NH-66 KM 45.1,29.2969,77.5471,2,D10_Lateral,0.951,0.228,0.729,0.337,0.221,Night Sodium
RDD-IND-00496,Mumbai-Pune Exp KM 88.0,29.2981,77.548,1,D00_Longitudinal,0.941,0.643,0.757,0.328,0.086,Overcast
RDD-IND-00497,NH-44 KM 108.4,29.2993,77.5489,3,D20_Alligator,0.961,0.172,0.527,0.135,0.128,Monsoon Rain
RDD-IND-00498,NH-48 KM 214.2,29.3005,77.5498,0,Normal,0.917,0.289,0.379,0.28,0.19,Sunny Daylight
RDD-IND-00499,NH-66 KM 45.1,29.3017,77.5507,4,D40_Pothole,0.996,0.268,0.412,0.319,0.086,Night Sodium
RDD-IND-00500,Mumbai-Pune Exp KM 88.0,29.3029,77.5516,4,D40_Pothole,0.997,0.329,0.327,0.318,0.178,Overcast
